<?xml version="1.0" encoding="UTF-8"?>
<beans xmlns="http://www.springframework.org/schema/beans"
	xmlns:xsi="http://www.w3.org/2001/XMLSchema-instance" xmlns:p="http://www.springframework.org/schema/p"
	xmlns:context="http://www.springframework.org/schema/context"
	xmlns:jee="http://www.springframework.org/schema/jee" xmlns:aop="http://www.springframework.org/schema/aop"
	xmlns:beans="http://www.springframework.org/schema/beans" xmlns:mvc="http://www.springframework.org/schema/mvc"
	xsi:schemaLocation="
        http://www.springframework.org/schema/aop 
        http://www.springframework.org/schema/aop/spring-aop-4.1.xsd
        http://www.springframework.org/schema/beans 
        http://www.springframework.org/schema/beans/spring-beans-4.1.xsd
        http://www.springframework.org/schema/context 
        http://www.springframework.org/schema/context/spring-context-4.1.xsd
        http://www.springframework.org/schema/mvc 
        http://www.springframework.org/schema/mvc/spring-mvc-4.1.xsd
        http://www.springframework.org/schema/jee
        http://www.springframework.org/schema/jee/spring-jee-4.1.xsd">

	
	<import resource="classpath*:Hibernate.xml" />
	<import resource="classpath*:Hibernate-as400.xml" />
	<import resource="classpath*:Hibernate-schedule.xml" />
	
	 
	<import resource="InitObjects.xml" />
	<!-- <import resource="Quartz.bean.xml" />-->
	<import resource="Aop.xml" />

	<context:annotation-config />
	<context:component-scan base-package="com.pca.ecps"
		scoped-proxy="targetClass" />
	 	
	<context:component-scan base-package="com.pca.corefrmwk.context"
		scoped-proxy="targetClass" />	
	<context:component-scan base-package="com.pca.corefrmwk.web.interceptor"
		scoped-proxy="targetClass" />
	<!-- 		
	<context:component-scan base-package="com.pca.schedule.dao"
		scoped-proxy="targetClass" />
	<context:component-scan base-package="com.pca.schedule.service2"
		scoped-proxy="targetClass" />
	
	 -->
	
	
	
	

	<bean class="org.springframework.beans.factory.config.CustomScopeConfigurer">
		<property name="scopes">
			<map>
				<entry key="task">
					<bean class="com.pca.corefrmwk.spring.scope.TaskScope" />
				</entry>
			</map>
		</property>
	</bean>

	<bean
		class="org.springframework.beans.factory.config.PropertyPlaceholderConfigurer">
		<property name="ignoreResourceNotFound" value="true" />
		<property name="locations">
			<list>
				<value>WEB-INF/conf/spring/Core.properties</value>
				
			</list>
		</property>
	</bean>





	<!-- bean id="printManager" class="com.pca.corefrmwk.report.jasper.PrintManager" -->
	<bean id="printManager" class="com.pca.my_corefrmwk.report.jasper.PrintMgmtUtil">
		<!-- Please be sure to append / to the end of path -->
		<property name="appContext" ref="appContext" />
		<property name="tempalteDirectory" value="${appRoot}/input/" />
		<property name="outputDirectory" value="${appRoot}/output/" />
	</bean>

	<bean id="reportOutputFilePath" class="java.lang.String">
		<constructor-arg type="java.lang.String"
			value="${appRoot}/output/rescissionRpt/" />
	</bean>
	<bean id="mailAttachFilePath" class="java.lang.String">
		<constructor-arg type="java.lang.String" value="${mailAttachFilePath}" />
	</bean>
	<bean id="mailAttachFileTarget" class="java.lang.String">
		<constructor-arg type="java.lang.String" value="${mailAttachFileTarget}" />
	</bean>

	<bean id="appContext" class="com.pca.corefrmwk.context.AppContext">
		<property name="appRoot" value="${appRoot}"></property>
		<property name="absolutePath" value="${isAbsolutePath}"></property>
		<property name="systemID" value="${systemID}"></property>
	</bean>

	<!-- used for file upload -->
	<bean id="multipartResolver"
		class="org.springframework.web.multipart.commons.CommonsMultipartResolver">
		<property name="maxUploadSize" value="1024000" />
	</bean>

	<bean id="zipUtil" class="com.pca.corefrmwk.util.ZipUtil">
		<property name="fileNameCharset" value="${fileNameCharset}"></property>
	</bean>

	<!-- Message queue -->
	<bean id="mqClient" class="com.pca.mesgqueue.client.MQClient">
		<property name="appContext" ref="appContext" />
		<property name="messageURL" value="${msgQSendURL}"></property>
		<property name="beanId" value="sendAsyncMailService"></property>
		<property name="mesgResultURL" value="${msgQResultURL}"></property>
	</bean>
	<!-- 登入使用者 -->
	<bean id="userInfo" class="com.pca.corefrmwk.web.session.content.UserInfo" scope="session"/>

	<bean id="authorityUtil" class="com.pca.corefrmwk.authentication.util.AuthorityUtilImpl">
		<!-- RequestMapping name -->
		<property name="transactionIndexPageName" value="main"></property>
		<!-- Authority Service URL -->
		<property name="authorityRemoteServer" value="${authorityRemoteServer}"></property>
		<!-- Request Method -->
		<property name="authorityRemoteServerMethod" value="POST"></property>
	</bean>
	
	<!-- 操作Audit Log的Web Service Client -->
	<bean id="auditWSClient" class="com.pca.corefrmwk.ws.AuditWSClient">
		<property name="auditWSURI" value="${auditWSURI}"/>
	</bean>
	
	
</beans>