<?xml version="1.0" encoding="UTF-8"?>
<beans xmlns="http://www.springframework.org/schema/beans"
	xmlns:xsi="http://www.w3.org/2001/XMLSchema-instance" xmlns:util="http://www.springframework.org/schema/util"
	xsi:schemaLocation="http://www.springframework.org/schema/beans
  http://www.springframework.org/schema/beans/spring-beans-4.1.xsd
  http://www.springframework.org/schema/util
  http://www.springframework.org/schema/util/spring-util-4.1.xsd">

	<bean id="scheduleProxy2" class="com.pca.schedule.scheduler.core2.ScheduleProxy" scope="singleton">
		<property name="scheduleService" ref="scheduleService2"/>
		<property name="processor" value="ECUS"/>
		<property name="scheduleManager" ref="scheduleManager2"/>
		<property name="scheduleClassService" ref="scheduleClassService2"/>
		<property name="scheduleJobService" ref="scheduleJobService2"/>
		<property name="scheduleLogService" ref="scheduleLogService2"/>
		<property name="scheduleTaskService" ref="scheduleTaskService2"/>
	</bean>
		
	<bean id="scheduleManager2" class="com.pca.schedule.scheduler.core2.ScheduleManager" scope="singleton">
		<property name="scheduleService" ref="scheduleService2"/>
		<property name="processor" value="ECUS"/>
	</bean>

	 
	<bean id="scheduleServiceJob2" class="org.springframework.scheduling.quartz.JobDetailFactoryBean" scope="singleton">
		<property name="jobClass" value="com.pca.schedule.scheduler.core2.ScheduleServiceJob" />
		<property name="durability" value="true" />
		<property name="name" value="scheduleServiceJob2"/>
	</bean>

	<bean id="scheduleServiceTrigger2" class="org.springframework.scheduling.quartz.SimpleTriggerFactoryBean">
    	<property name="jobDetail" ref="scheduleServiceJob2"/>
    	<!-- 10 seconds -->
    	<property name="startDelay" value="10000"/>
    	<!-- repeat every 60 seconds -->
    	<property name="repeatInterval" value="60000"/>
		<property name="name" value="scheduleServiceTrigger2"/>
	</bean>


	<bean id="schedulerFactoryBean" class="org.springframework.scheduling.quartz.SchedulerFactoryBean" scope="singleton">
		<property name="quartzProperties">
			<props>
				<prop key="org.quartz.threadPool.class">org.quartz.simpl.SimpleThreadPool</prop>
				<prop key="org.quartz.threadPool.threadCount">5</prop>
	
			</props>
		</property>
		<property name="jobDetails" ref="scheduleServiceJob2"/>		
		<property name="overwriteExistingJobs" value="false"/>
        <property name="applicationContextSchedulerContextKey" value="applicationContext" />
		<property name="triggers" ref="scheduleServiceTrigger2"/>
		<property name="schedulerContextAsMap">
			<map>
				<entry key="scheduleManager" value-ref="scheduleManager2" />
				<entry key="scheduleProxy" value-ref="scheduleProxy2" />
				<entry key="scheduleJobService" value-ref="scheduleJobService2" />
				<entry key="scheduleClassService" value-ref="scheduleClassService2" />
				<entry key="scheduleLogService" value-ref="scheduleLogService2" />
				<entry key="scheduleService" value-ref="scheduleService2" />
				<entry key="scheduleTaskService" value-ref="scheduleTaskService2"/>
				<entry key="processor" value="ECUS" />
			</map>
		</property>
	</bean>

</beans>