<?xml version="1.0" encoding="UTF-8"?>
<!DOCTYPE log4j:configuration SYSTEM "log4j.dtd">
<log4j:configuration xmlns:log4j="http://jakarta.apache.org/log4j/">
    <appender name="STDIO" class="org.apache.log4j.ConsoleAppender">
        <param name="encoding" value="UTF-8"/>
        <layout class="org.apache.log4j.PatternLayout">
            <param name="ConversionPattern" value="%d %-5p %c{1}:%L %m %n"/>
        </layout>
    </appender>
    <appender name="FILE" class="org.apache.log4j.DailyRollingFileAppender">
    	<param name="encoding" value="UTF-8"/>
        <param name="File" value="${appRoot}/logs/${generalLogName}.log"/>
        <param name="Append" value="true"/>
        <!-- Rollover at midnight each day -->
        <param name="DatePattern" value="'.'yyyy-MM-dd"/>
        <layout class="org.apache.log4j.PatternLayout">
            <param name="ConversionPattern" value="%d %-5p %c{1}:%L %m %n"/>
        </layout>
    </appender>
    <appender name="FILE_SCHEDULE" class="org.apache.log4j.DailyRollingFileAppender">
        <param name="encoding" value="UTF-8"/>
        <param name="File" value="${appRoot}/logs/schedule.log"/>
        <param name="Append" value="true"/>
        <!-- Rollover at midnight each day -->
        <param name="DatePattern" value="'.'yyyy-MM-dd"/>
        <layout class="org.apache.log4j.PatternLayout">
            <param name="ConversionPattern" value="%d %-5p %c{1}:%L %m %n"/>
        </layout>
    </appender>
    <appender name="FILE_ERROR" class="org.apache.log4j.DailyRollingFileAppender">
    	<param name="encoding" value="UTF-8"/>
        <param name="File" value="${appRoot}/logs/exception.log"/>
        <param name="Append" value="true"/>
        <!-- Rollover at midnight each day -->
        <param name="DatePattern" value="'.'yyyy-MM-dd"/>
        <layout class="org.apache.log4j.PatternLayout">
            <param name="ConversionPattern" value="%d %-5p %c{1}:%L %m %n"/>
        </layout>
    </appender>
    <logger name="com.pca.schedule" additivity="false">
        <level value="INFO"/>
        <appender-ref ref="STDIO"/>
        <appender-ref ref="FILE_SCHEDULE"/>
    </logger>
    <logger name="com.pca" additivity="false">
        <level value="ERROR"/>
        <appender-ref ref="FILE_ERROR"/>
    </logger>
    <logger name="com.pca" additivity="false">
        <level value="INFO"/>
        <appender-ref ref="STDIO"/>
        <appender-ref ref="FILE"/>
    </logger>
    <logger name="org.jasig.cas" additivity="false">
        <level value="DEBUG"/>
        <appender-ref ref="STDIO"/>
        <appender-ref ref="FILE"/>
    </logger>
   
    <root>
        <level value="INFO"/>
        <appender-ref ref="STDIO"/>
        <appender-ref ref="FILE"/>
        <appender-ref ref="FILE_SCHEDULE"/>
        
    </root>
</log4j:configuration>
