<?xml version="1.0" encoding="UTF-8"?>
<fontFamilies>
  <fontFamily name="PcaPmingliu">
	<normal>${fontPath}EUDCM.TTF</normal>
	<pdfEncoding>Identity-H</pdfEncoding>
	<pdfEmbedded>true</pdfEmbedded>
  </fontFamily>
  <fontFamily name="KaiuFont1">
	<normal>${fontPath}EUDCK.TTF</normal>
	<pdfEncoding>Identity-H</pdfEncoding>
	<pdfEmbedded>true</pdfEmbedded>
  </fontFamily>
  <fontFamily name="MSBlackFont1">
	 <normal>${fontPath}EUDCM.TTF</normal>
	<pdfEncoding>Identity-H</pdfEncoding>
	<pdfEmbedded>true</pdfEmbedded>
  </fontFamily>
  <fontFamily name="kaiu"><!-- 標楷體 -->
    <normal>${fontPath}kaiu.ttf</normal>
    <pdfEncoding>Identity-H</pdfEncoding>
    <pdfEmbedded>true</pdfEmbedded>
    <exportFonts>
    </exportFonts>
  </fontFamily>
  
  <fontFamily name="微軟正黑體">
    <normal>${fontPath}msjh.ttf</normal>
    <bold>${fontPath}msjhbd.ttf</bold>
    <pdfEncoding>Identity-H</pdfEncoding>
    <pdfEmbedded>true</pdfEmbedded>
    <exportFonts></exportFonts>
    <locales>
      <locale>zh_TW</locale>
    </locales>
  </fontFamily>
  
  <fontFamily name="C39fitra_0"><!-- code39 -->
    <normal>${fontPath}C39fitra_0.ttf</normal>
    <pdfEncoding>Identity-H</pdfEncoding>
    <pdfEmbedded>true</pdfEmbedded>
    <exportFonts>
    </exportFonts>
  </fontFamily>
  
</fontFamilies>