<?xml version="1.0" encoding="UTF-8"?>
<faces-config version="2.1" xmlns="http://java.sun.com/xml/ns/javaee"
	xmlns:xi="http://www.w3.org/2001/XInclude" xmlns:xsi="http://www.w3.org/2001/XMLSchema-instance"
	xsi:schemaLocation="http://java.sun.com/xml/ns/javaee http://java.sun.com/xml/ns/javaee/web-facesconfig_2_1.xsd">
	<navigation-rule>
		<navigation-case>
			<from-outcome>master</from-outcome>
			<to-view-id>/kernel/master/readMaster.xhtml</to-view-id>
			<redirect />
		</navigation-case>
		
		<navigation-case>
			<from-outcome>detail</from-outcome>
			<to-view-id>/kernel/detail/readDetail.xhtml</to-view-id>
			<redirect />
		</navigation-case>
		<navigation-case>
			<from-outcome>many1</from-outcome>
			<to-view-id>/kernel/many1/readMany1.xhtml</to-view-id>
			<redirect />
		</navigation-case>
		<navigation-case>
			<from-outcome>updateDataType</from-outcome>
			<to-view-id>/kernel/updateDataType/readUpdateDataType.xhtml</to-view-id>
			<redirect />
		</navigation-case>
	</navigation-rule>







	<navigation-rule>
		<from-view-id>/kernel/updateDataType/readUpdateDataType.xhtml</from-view-id>
		<navigation-case>
			<from-outcome>create</from-outcome>
			<to-view-id>/kernel/updateDataType/createUpdateDataType.xhtml</to-view-id>
			<redirect />
		</navigation-case>
		<navigation-case>
			<from-outcome>update</from-outcome>
			<to-view-id>/kernel/updateDataType/updateUpdateDataType.xhtml</to-view-id>
			<redirect />
		</navigation-case>
	</navigation-rule>

	<navigation-rule>
		<from-view-id>/kernel/updateDataType/createUpdateDataType.xhtml</from-view-id>
		<navigation-case>
			<from-outcome>read</from-outcome>
			<to-view-id>/kernel/updateDataType/readUpdateDataType.xhtml</to-view-id>
			<redirect />
		</navigation-case>
	</navigation-rule>

	<navigation-rule>
		<from-view-id>/kernel/updateDataType/updateUpdateDataType.xhtml</from-view-id>
		<navigation-case>
			<from-outcome>read</from-outcome>
			<to-view-id>/kernel/updateDataType/readUpdateDataType.xhtml</to-view-id>
			<redirect />
		</navigation-case>
	</navigation-rule>



	<!-- crud begin [201504211139] -->
	<!-- master Master begin -->
	<navigation-rule>
		<from-view-id>/kernel/master/readMaster.xhtml</from-view-id>
		<navigation-case>
			<from-outcome>create</from-outcome>
			<to-view-id>/kernel/master/createMaster.xhtml</to-view-id>
			<redirect />
		</navigation-case>
		<navigation-case>
			<from-outcome>update</from-outcome>
			<to-view-id>/kernel/master/updateMaster.xhtml</to-view-id>
			<redirect />
		</navigation-case>
	</navigation-rule>

	<navigation-rule>
		<from-view-id>/kernel/master/createMaster.xhtml</from-view-id>
		<navigation-case>
			<from-outcome>read</from-outcome>
			<to-view-id>/kernel/master/readMaster.xhtml</to-view-id>
			<redirect />
		</navigation-case>
		<navigation-case>
			<from-outcome>updateDetail</from-outcome>
			<to-view-id>/kernel/master/detail/updateDetail.xhtml</to-view-id>
			<redirect />
		</navigation-case>
		<navigation-case>
			<from-outcome>createDetail</from-outcome>
			<to-view-id>/kernel/master/detail/createDetail.xhtml</to-view-id>
			<redirect />
		</navigation-case>
	</navigation-rule>

	<navigation-rule>
		<from-view-id>/kernel/master/updateMaster.xhtml</from-view-id>
		<navigation-case>
			<from-outcome>read</from-outcome>
			<to-view-id>/kernel/master/readMaster.xhtml</to-view-id>
			<redirect />
		</navigation-case>
		<navigation-case>
			<from-outcome>updateDetail</from-outcome>
			<to-view-id>/kernel/master/detail/updateDetail.xhtml</to-view-id>
			<redirect />
		</navigation-case>
		<navigation-case>
			<from-outcome>createDetail</from-outcome>
			<to-view-id>/kernel/master/detail/createDetail.xhtml</to-view-id>
			<redirect />
		</navigation-case>
	</navigation-rule>
	<!-- master Master end -->


	<!-- master Master , detail Detail, begin -->
	<navigation-rule>
		<from-view-id>/kernel/master/detail/updateDetail.xhtml</from-view-id>
		<navigation-case>
			<from-outcome>readCreate</from-outcome>
			<to-view-id>/kernel/master/createMaster.xhtml</to-view-id>
			<redirect />
		</navigation-case>
		<navigation-case>
			<from-outcome>readUpdate</from-outcome>
			<to-view-id>/kernel/master/updateMaster.xhtml</to-view-id>
			<redirect />
		</navigation-case>
	</navigation-rule>
	<navigation-rule>
		<from-view-id>/kernel/master/detail/createDetail.xhtml</from-view-id>
		<navigation-case>
			<from-outcome>readCreate</from-outcome>
			<to-view-id>/kernel/master/createMaster.xhtml</to-view-id>
			<redirect />
		</navigation-case>
		<navigation-case>
			<from-outcome>readUpdate</from-outcome>
			<to-view-id>/kernel/master/updateMaster.xhtml</to-view-id>
			<redirect />
		</navigation-case>
	</navigation-rule>
	<!-- master Master, detail Detail, end -->
	<!-- crud end [201504211139] -->
	<!-- crud begin [201504211146] -->
	<!-- master Detail begin -->
	<navigation-rule>
		<from-view-id>/kernel/detail/readDetail.xhtml</from-view-id>
		<navigation-case>
			<from-outcome>create</from-outcome>
			<to-view-id>/kernel/detail/createDetail.xhtml</to-view-id>
			<redirect />
		</navigation-case>
		<navigation-case>
			<from-outcome>update</from-outcome>
			<to-view-id>/kernel/detail/updateDetail.xhtml</to-view-id>
			<redirect />
		</navigation-case>
	</navigation-rule>

	<navigation-rule>
		<from-view-id>/kernel/detail/createDetail.xhtml</from-view-id>
		<navigation-case>
			<from-outcome>read</from-outcome>
			<to-view-id>/kernel/detail/readDetail.xhtml</to-view-id>
			<redirect />
		</navigation-case>
	</navigation-rule>

	<navigation-rule>
		<from-view-id>/kernel/detail/updateDetail.xhtml</from-view-id>
		<navigation-case>
			<from-outcome>read</from-outcome>
			<to-view-id>/kernel/detail/readDetail.xhtml</to-view-id>
			<redirect />
		</navigation-case>
	</navigation-rule>
	<!-- master Detail end -->

	<!-- crud end [201504211146] -->


	<!-- crud begin [201504211149] -->
	<!-- master Many1 begin -->
	<navigation-rule>
		<from-view-id>/kernel/many1/readMany1.xhtml</from-view-id>
		<navigation-case>
			<from-outcome>create</from-outcome>
			<to-view-id>/kernel/many1/createMany1.xhtml</to-view-id>
			<redirect />
		</navigation-case>
		<navigation-case>
			<from-outcome>update</from-outcome>
			<to-view-id>/kernel/many1/updateMany1.xhtml</to-view-id>
			<redirect />
		</navigation-case>
	</navigation-rule>

	<navigation-rule>
		<from-view-id>/kernel/many1/createMany1.xhtml</from-view-id>
		<navigation-case>
			<from-outcome>read</from-outcome>
			<to-view-id>/kernel/many1/readMany1.xhtml</to-view-id>
			<redirect />
		</navigation-case>
	</navigation-rule>

	<navigation-rule>
		<from-view-id>/kernel/many1/updateMany1.xhtml</from-view-id>
		<navigation-case>
			<from-outcome>read</from-outcome>
			<to-view-id>/kernel/many1/readMany1.xhtml</to-view-id>
			<redirect />
		</navigation-case>
	</navigation-rule>
	<!-- master Many1 end -->

	<!-- crud end [201504211149] -->


	<!-- crud begin [201504211348] -->
		<!-- master Many1 begin -->
	<navigation-rule>
		<from-view-id>/kernel/many1/readMany1.xhtml</from-view-id>
		<navigation-case>
			<from-outcome>create</from-outcome>
			<to-view-id>/kernel/many1/createMany1.xhtml</to-view-id>
			<redirect />
		</navigation-case>
		<navigation-case>
			<from-outcome>update</from-outcome>
			<to-view-id>/kernel/many1/updateMany1.xhtml</to-view-id>
			<redirect />
		</navigation-case>
	</navigation-rule>

	<navigation-rule>
		<from-view-id>/kernel/many1/createMany1.xhtml</from-view-id>
		<navigation-case>
			<from-outcome>read</from-outcome>
			<to-view-id>/kernel/many1/readMany1.xhtml</to-view-id>
			<redirect />
		</navigation-case>
	</navigation-rule>

	<navigation-rule>
		<from-view-id>/kernel/many1/updateMany1.xhtml</from-view-id>
		<navigation-case>
			<from-outcome>read</from-outcome>
			<to-view-id>/kernel/many1/readMany1.xhtml</to-view-id>
			<redirect />
		</navigation-case>
	</navigation-rule>
	<!-- master Many1 end -->

	<!-- crud end [201504211348] -->
	<!-- navigation-rule: codegen end -->

</faces-config>
