<?xml version="1.0" encoding="UTF-8"?>

<faces-config
    xmlns="http://java.sun.com/xml/ns/javaee"
	xmlns:xsi="http://www.w3.org/2001/XMLSchema-instance"
	xsi:schemaLocation="http://java.sun.com/xml/ns/javaee http://java.sun.com/xml/ns/javaee/web-facesconfig_2_1.xsd"
	version="2.1">
	<application>
		<el-resolver>org.springframework.web.jsf.el.SpringBeanFacesELResolver</el-resolver>
		<resource-bundle>
            <base-name>applicationResources</base-name>
            <var>resources</var>
        </resource-bundle>
        <resource-bundle>
            <base-name>messages</base-name>
            <var>messages</var>
        </resource-bundle>
        <resource-bundle>
            <base-name>messagesLayout</base-name>
            <var>messagesLayout</var>
        </resource-bundle>
        <resource-bundle>
            <base-name>messagesSchedule</base-name>
            <var>messagesSchedule</var>
        </resource-bundle>
        <resource-bundle>
            <base-name>errMessages</base-name>
            <var>errMessages</var>
        </resource-bundle>
        <locale-config>
            <default-locale>zh_TW</default-locale>
            <supported-locale>en_US</supported-locale>
        </locale-config>
	</application>
	<factory>
        <exception-handler-factory>
            com.pca.project.common.exception.ViewExceptionHandlerFactory
        </exception-handler-factory>
    </factory>
	<!-- defaultManagedBean為控制JSF預設行為的ManagedBean -->
	<managed-bean>
		<managed-bean-name>defaultManagedBean</managed-bean-name>
		<managed-bean-class>com.pca.project.web.managedbean.DefaultManagedBean</managed-bean-class>
		<managed-bean-scope>application</managed-bean-scope>
		<managed-property>
			<property-name>rowsOfPerPage</property-name>
			<value>20</value>
		</managed-property>
	</managed-bean>
</faces-config>