<?xml version="1.0" encoding="UTF-8"?>
<beans xmlns="http://www.springframework.org/schema/beans"
	xmlns:xsi="http://www.w3.org/2001/XMLSchema-instance" xmlns:p="http://www.springframework.org/schema/p"
	xmlns:aop="http://www.springframework.org/schema/aop" xmlns:tx="http://www.springframework.org/schema/tx"
	xmlns:context="http://www.springframework.org/schema/context"
	xmlns:jee="http://www.springframework.org/schema/jee"
	xsi:schemaLocation="
        http://www.springframework.org/schema/beans 
        http://www.springframework.org/schema/beans/spring-beans-4.1.xsd
        http://www.springframework.org/schema/context 
        http://www.springframework.org/schema/context/spring-context-4.1.xsd
        http://www.springframework.org/schema/tx
        http://www.springframework.org/schema/tx/spring-tx-4.1.xsd
        http://www.springframework.org/schema/aop 
        http://www.springframework.org/schema/aop/spring-aop-4.1.xsd
        http://www.springframework.org/schema/jee 
        http://www.springframework.org/schema/jee/spring-jee-4.1.xsd">

	
	<bean id="entityManagerFactorySchedule"
		class="org.springframework.orm.jpa.LocalContainerEntityManagerFactoryBean"
		p:persistenceXmlLocation="classpath:META-INF/persistence.xml"
		p:persistenceUnitName="persistenceUnitSchedule" />

	<bean id="transactionManagerSchedule" class="org.springframework.orm.jpa.JpaTransactionManager"
		p:entityManagerFactory-ref="entityManagerFactorySchedule" />

	<tx:advice id="txAdviceSchedule" transaction-manager="transactionManagerSchedule">
		<tx:attributes>
			<tx:method name="create*" propagation="REQUIRED" rollback-for="Exception"/>
			<tx:method name="update*" propagation="REQUIRED" rollback-for="Exception"/>
			<tx:method name="delete*" propagation="REQUIRED" rollback-for="Exception"/>
			<tx:method name="*" read-only="true" />
		</tx:attributes>
	</tx:advice>
	<aop:config>
		<aop:pointcut id="dbOperation1Schedule" expression="execution(* com.pca..*Service.*(..))" />
		<aop:advisor advice-ref="txAdviceSchedule" pointcut-ref="dbOperation1Schedule" />
	</aop:config>
	<aop:config>
		<aop:pointcut id="dbOperation2Schedule" expression="execution(* com.pca..*Facade.*(..))" />
		<aop:advisor advice-ref="txAdviceSchedule" pointcut-ref="dbOperation2Schedule" />
	</aop:config>
</beans>