<?xml version="1.0" encoding="UTF-8" ?>

<!DOCTYPE tiles-definitions PUBLIC
       "-//Apache Software Foundation//DTD Tiles Configuration 2.0//EN"
       "http://tiles.apache.org/dtds/tiles-config_2_0.dtd">
       
<tiles-definitions>

  <definition name="WILDCARD:*/*" template="/WEB-INF/conf/tiles/BasicLayout.jsp">
    <put-attribute name="header" value="/WEB-INF/conf/tiles/Header.jsp" />
    <put-attribute name="content" value="/WEB-INF/pages/{1}/{2}.jsp" />
    <put-attribute name="menu" value="/WEB-INF/conf/tiles/Navigation.jsp"/>
    <put-attribute name="footer" value="/WEB-INF/conf/tiles/Footer.jsp" />
  </definition>

  <!-- 
  <definition name="c4/login" template="/WEB-INF/tiles/basicLayout.jsp">
    <put-attribute name="header" value="/WEB-INF/tiles/header.jsp" />
    <put-attribute name="content" value="/WEB-INF/pages/c4/login.jsp" />
    <put-attribute name="footer" value="/WEB-INF/tiles/footer.jsp" />
  </definition>
   -->
</tiles-definitions>
