<?xml version="1.0" encoding="UTF-8"?>
<beans xmlns="http://www.springframework.org/schema/beans"
	xmlns:mvc="http://www.springframework.org/schema/mvc" xmlns:context="http://www.springframework.org/schema/context"
	xmlns:xsi="http://www.w3.org/2001/XMLSchema-instance" xmlns:beans="http://www.springframework.org/schema/beans"
	xsi:schemaLocation="
        http://www.springframework.org/schema/mvc 
        http://www.springframework.org/schema/mvc/spring-mvc-4.1.xsd
        http://www.springframework.org/schema/context 
        http://www.springframework.org/schema/context/spring-context-4.1.xsd
        http://www.springframework.org/schema/beans 
        http://www.springframework.org/schema/beans/spring-beans-4.1.xsd">
    
    
	<bean id="urlMapping" class="org.springframework.web.servlet.handler.SimpleUrlHandlerMapping">
		<property name="mappings">
			<props>
				<prop key="/permissionDeny">delegateController</prop>
				<prop key="/foundIllegalCharacters">delegateController</prop>
				<prop key="/invalidToken">delegateController</prop>
				<prop key="/invalidUser">delegateController</prop>
			</props>
		</property>
	</bean>

	<bean id="paraMethodResolver" class="org.springframework.web.servlet.mvc.multiaction.ParameterMethodNameResolver">
		<property name="defaultMethodName">
			<value>action</value>
		</property>
	</bean>

	<bean id="delegateAction" class="com.pca.corefrmwk.web.controller.DelegateAction">
		<property name="viewPages">
			<map>
				<entry key="/permissionDeny" value="errors/PermissionDeny" />
				<entry key="/foundIllegalCharacters" value="errors/FoundIllegalCharacters" />
				<entry key="/invalidToken" value="errors/InvalidToken" />
				<entry key="/invalidUser" value="errors/InvalidUser" />
			</map>
		</property>
	</bean>

	<!-- Delegate Action Controller -->
	<bean id="delegateController" class="org.springframework.web.servlet.mvc.multiaction.MultiActionController">
		<property name="methodNameResolver"> 
            <ref bean="paraMethodResolver"/> 
        </property> 
		<property name="delegate">
			<ref bean="delegateAction" />
		</property>
	</bean>

</beans>