<?xml version="1.0" encoding="UTF-8"?>
<beans xmlns="http://www.springframework.org/schema/beans"
	xmlns:mvc="http://www.springframework.org/schema/mvc" xmlns:context="http://www.springframework.org/schema/context"
	xmlns:xsi="http://www.w3.org/2001/XMLSchema-instance" xmlns:beans="http://www.springframework.org/schema/beans"
	xmlns:aop="http://www.springframework.org/schema/aop"
	xsi:schemaLocation="
	    http://www.springframework.org/schema/aop 
        http://www.springframework.org/schema/aop/spring-aop-4.1.xsd
        http://www.springframework.org/schema/mvc 
        http://www.springframework.org/schema/mvc/spring-mvc-4.1.xsd
        http://www.springframework.org/schema/context 
        http://www.springframework.org/schema/context/spring-context-4.1.xsd
        http://www.springframework.org/schema/beans 
        http://www.springframework.org/schema/beans/spring-beans-4.1.xsd">

	<import resource="Project-controller.xml" />
	<import resource="Frmwk-controller.xml" />
	
	<context:annotation-config />
	<context:component-scan base-package="com.pca.ecps" />

	<!-- support JSR303 annotation if JSR 303 validation present on classpath -->
	<!-- 民國年轉成西元年,Server端一律以西元年處理 -->
	<mvc:annotation-driven conversion-service="conversionService" />

	<!-- Only needed because we install custom converters to support the examples 
		in the org.springframewok.samples.mvc.convert package -->
	<bean id="conversionService"
		class="org.springframework.format.support.FormattingConversionServiceFactoryBean">
		<property name="formatters">
			<set>
				<bean class="com.pca.corefrmwk.formatter.ChineseDateFormatter" />
				<bean
					class="com.pca.corefrmwk.formatter.factory.ChineseDateFormateAnnotationFormatterFactory" />
			</set>
		</property>
	</bean>


	<!-- 取得 js , image -->
	<!-- Handles HTTP GET requests for /resources/** by efficiently serving 
		up static resources in the ${webappRoot}/resources/ directory -->
	<mvc:resources mapping="/resources/**" location="/resources/" />
<!--
	<mvc:interceptors>
		<beans:ref bean="localeChangeInterceptor" />
		<beans:bean class="com.pca.corefrmwk.web.interceptor.TokenCheckInterceptor"></beans:bean>
		<beans:bean
			class="com.pca.corefrmwk.web.interceptor.GlobalVariableInterceptor"></beans:bean>
		 權限檢查 
		<beans:bean
			class="com.pca.corefrmwk.authentication.interceptor.AuthorizationInterceptor">
			<property name="redirectPage" value="/permissionDeny" />
		</beans:bean>
		<beans:bean
			class="com.pca.corefrmwk.web.interceptor.ActionTrackingInterceptor"></beans:bean>
	</mvc:interceptors> -->

	<!-- n18i 的設定檔, classpath:name , name 放置位置於project 的src\ , -->
	<bean id="messageSource"
		class="org.springframework.context.support.ReloadableResourceBundleMessageSource">
		<property name="basenames">
			<list>
				<value>classpath:applicationResources</value>
				<value>classpath:messages</value>
				<value>classpath:messagesLayout</value>
				<value>classpath:messagesSchedule</value>
			</list>
		</property>
		<property name="defaultEncoding" value="UTF-8" />
	</bean>

	<!-- Spring provides full support for the JSR-303 Bean Validation API -->
	<bean id="validator"
		class="org.springframework.validation.beanvalidation.LocalValidatorFactoryBean" />

	<!-- <bean id="globalVariableInterceptor" class="com.pca.corefrmwk.interceptor.GlobalVariableInterceptor"/> -->

	<bean id="localeChangeInterceptor"
		class="org.springframework.web.servlet.i18n.LocaleChangeInterceptor">
		<property name="paramName" value="lang" />
	</bean>
	<!--  
	<bean id="localeResolver"
		class="org.springframework.web.servlet.i18n.CookieLocaleResolver">
		<property name="defaultLocale" value="zh_TW" />
	</bean>
	-->
	<bean id="viewResolver"
		class="org.springframework.web.servlet.view.UrlBasedViewResolver">
		<property name="viewClass">
			<value>org.springframework.web.servlet.view.tiles3.TilesView</value>
		</property>
	</bean>


	<!-- used for file upload -->
	<!-- Only needed because we require fileupload in the org.springframework.samples.mvc.fileupload 
		package -->
	<bean id="multipartResolver"
		class="org.springframework.web.multipart.commons.CommonsMultipartResolver">
		<property name="maxUploadSize" value="1024000" />
	</bean>


	<bean
		class="org.springframework.web.servlet.mvc.support.ControllerClassNameHandlerMapping" />



</beans>